{
	"description": "Made by Kaoif (https://kaoif.carrd.co)",
	"ambientocclusion": false,
	"textures": {
		"side": "blocks/bed_head_side",
		"particle": "blocks/bed_head_top",
		"top": "blocks/bed_head_top",
		"bottom": "blocks/planks_oak",
		"end": "blocks/bed_head_end"
	},
	"elements": [
		{
			"name": "Headboard",
			"from": [0, 9, 14],
			"to": [16, 12, 16],
			"faces": {
				"north": {"uv": [1, 5, 15, 8], "texture": "#end"},
				"east": {"uv": [16, 4, 14, 7], "texture": "#side"},
				"south": {"uv": [0, 4, 16, 7], "texture": "#end"},
				"west": {"uv": [14, 4, 16, 7], "texture": "#side"},
				"up": {"uv": [14, 0, 16, 16], "rotation": 90, "texture": "#top"}
			}
		},
		{
			"name": "Pillow",
			"from": [2, 9, 9],
			"to": [14, 10, 14],
			"faces": {
				"north": {"uv": [9, 2, 10, 14], "rotation": 90, "texture": "#top"},
				"east": {"uv": [14, 2, 9, 3], "texture": "#top"},
				"west": {"uv": [9, 13, 14, 14], "texture": "#top"},
				"up": {"uv": [9, 2, 14, 14], "rotation": 90, "texture": "#top"}
			}
		},
		{
			"name": "Base",
			"from": [0, 3, 0],
			"to": [16, 9, 16],
			"faces": {
				"east": {"uv": [16, 7, 0, 13], "texture": "#side"},
				"south": {"uv": [0, 7, 16, 13], "texture": "#end"},
				"west": {"uv": [0, 7, 16, 13], "texture": "#side"},
				"up": {"uv": [0, 16, 16, 0], "rotation": 90, "texture": "#top"},
				"down": {"uv": [0, 0, 16, 16], "texture": "#bottom"}
			}
		},
		{
			"name": "Leg R",
			"from": [0, 0, 13],
			"to": [3, 3, 16],
			"faces": {
				"north": {"uv": [13, 13, 16, 16], "texture": "#end"},
				"east": {"uv": [16, 13, 13, 16], "texture": "#side"},
				"south": {"uv": [0, 13, 3, 16], "texture": "#end"},
				"west": {"uv": [13, 13, 16, 16], "texture": "#side"},
				"down": {"uv": [0, 13, 3, 16], "texture": "#end"}
			}
		},
		{
			"name": "Leg L",
			"from": [13, 0, 13],
			"to": [16, 3, 16],
			"faces": {
				"north": {"uv": [0, 13, 3, 16], "texture": "#end"},
				"east": {"uv": [16, 13, 13, 16], "texture": "#side"},
				"south": {"uv": [13, 13, 16, 16], "texture": "#end"},
				"west": {"uv": [13, 13, 16, 16], "texture": "#side"},
				"down": {"uv": [13, 13, 16, 16], "texture": "#end"}
			}
		}
	]
}